[
  {
    "model": "users.teacher",
    "pk": 1,
    "fields": {
      "name": "Fernanda",
      "username": "fernanda@example.com",
      "password": "pbkdf2_sha256$260000$GRhg6kkMCsAKp6Gu03Sxda$8bd7mJJMLBrenCPIdkh8zMeNVv2rU07T5Sc12aF3HJU=",
      "role": "Teacher",
      "is_active": true,
      "is_staff": true
    }
  },
  {
    "model": "classes.class",
    "pk": 1,
    "fields": {
      "period": "afternoon",
      "schoolGrade": 6,
      "classMeta": "Português",
      "teacher": 1
    }
  },
  {
    "model": "classes.student",
    "pk": 1,
    "fields": {
      "name": "João Silva",
      "parent": 1
    }
  },
  {
    "model": "classes.student",
    "pk": 2,
    "fields": {
      "name": "Maria Oliveira",
      "parent": 1
    }
  },
  {
    "model": "classes.student",
    "pk": 3,
    "fields": {
      "name": "Lucas Santos",
      "parent": 1
    }
  },
  {
    "model": "classes.student",
    "pk": 4,
    "fields": {
      "name": "Ana Costa",
      "parent": 1
    }
  },
  {
    "model": "classes.student",
    "pk": 5,
    "fields": {
      "name": "Felipe Souza",
      "parent": 1
    }
  },
  {
    "model": "classes.student",
    "pk": 6,
    "fields": {
      "name": "Julia Rocha",
      "parent": 1
    }
  },
  {
    "model": "classes.student",
    "pk": 7,
    "fields": {
      "name": "Pedro Almeida",
      "parent": 1
    }
  },
  {
    "model": "classes.student",
    "pk": 8,
    "fields": {
      "name": "Carla Lima",
      "parent": 1
    }
  },
  {
    "model": "classes.student",
    "pk": 9,
    "fields": {
      "name": "André Pereira",
      "parent": 1
    }
  },
  {
    "model": "classes.student",
    "pk": 10,
    "fields": {
      "name": "Fernanda Gomes",
      "parent": 1
    }
  },
  {
    "model": "classes.student",
    "pk": 11,
    "fields": {
      "name": "Gabriel Martins",
      "parent": 1
    }
  },
  {
    "model": "classes.student",
    "pk": 12,
    "fields": {
      "name": "Camila Leão",
      "parent": 1
    }
  },
  {
    "model": "classes.student",
    "pk": 13,
    "fields": {
      "name": "Rafael Barros",
      "parent": 1
    }
  },
  {
    "model": "classes.student",
    "pk": 14,
    "fields": {
      "name": "Patricia Figueiredo",
      "parent": 1
    }
  },
  {
    "model": "classes.student",
    "pk": 15,
    "fields": {
      "name": "Bruno Oliveira",
      "parent": 1
    }
  },
  {
    "model": "classes.student",
    "pk": 16,
    "fields": {
      "name": "Sofia Cardoso",
      "parent": 1
    }
  },
  {
    "model": "classes.student",
    "pk": 17,
    "fields": {
      "name": "Tiago Silva",
      "parent": 1
    }
  },
  {
    "model": "classes.student",
    "pk": 18,
    "fields": {
      "name": "Leticia Souza",
      "parent": 1
    }
  },
  {
    "model": "classes.student",
    "pk": 19,
    "fields": {
      "name": "Caio Cunha",
      "parent": 1
    }
  },
  {
    "model": "classes.student",
    "pk": 20,
    "fields": {
      "name": "Isabela Dias",
      "parent": 1
    }
  },
  {
    "model": "classes.class_students",
    "pk": 1,
    "fields": {
      "class": 1,
      "student": 1
    }
  },
  {
    "model": "classes.class_students",
    "pk": 2,
    "fields": {
      "class": 1,
      "student": 2
    }
  },
  {
    "model": "classes.class_students",
    "pk": 3,
    "fields": {
      "class": 1,
      "student": 3
    }
  },
  {
    "model": "classes.class_students",
    "pk": 4,
    "fields": {
      "class": 1,
      "student": 4
    }
  },
  {
    "model": "classes.class_students",
    "pk": 5,
    "fields": {
      "class": 1,
      "student": 5
    }
  },
  {
    "model": "classes.class_students",
    "pk": 6,
    "fields": {
      "class": 1,
      "student": 6
    }
  },
  {
    "model": "classes.class_students",
    "pk": 7,
    "fields": {
      "class": 1,
      "student": 7
    }
  },
  {
    "model": "classes.class_students",
    "pk": 8,
    "fields": {
      "class": 1,
      "student": 8
    }
  },
  {
    "model": "classes.class_students",
    "pk": 9,
    "fields": {
      "class": 1,
      "student": 9
    }
  },
  {
    "model": "classes.class_students",
    "pk": 10,
    "fields": {
      "class": 1,
      "student": 10
    }
  },
  {
    "model": "classes.class_students",
    "pk": 11,
    "fields": {
      "class": 1,
      "student": 11
    }
  },
  {
    "model": "classes.class_students",
    "pk": 12,
    "fields": {
      "class": 1,
      "student": 12
    }
  },
  {
    "model": "classes.class_students",
    "pk": 13,
    "fields": {
      "class": 1,
      "student": 13
    }
  },
  {
    "model": "classes.class_students",
    "pk": 14,
    "fields": {
      "class": 1,
      "student": 14
    }
  },
  {
    "model": "classes.class_students",
    "pk": 15,
    "fields": {
      "class": 1,
      "student": 15
    }
  },
  {
    "model": "classes.class_students",
    "pk": 16,
    "fields": {
      "class": 1,
      "student": 16
    }
  },
  {
    "model": "classes.class_students",
    "pk": 17,
    "fields": {
      "class": 1,
      "student": 17
    }
  },
  {
    "model": "classes.class_students",
    "pk": 18,
    "fields": {
      "class": 1,
      "student": 18
    }
  },
  {
    "model": "classes.class_students",
    "pk": 19,
    "fields": {
      "class": 1,
      "student": 19
    }
  },
  {
    "model": "classes.class_students",
    "pk": 20,
    "fields": {
      "class": 1,
      "student": 20
    }
  },
  {
    "model": "classes.subject",
    "pk": 1,
    "fields": {
      "name": "Português",
      "classMeta": 1,
      "students": [1, 2, 3, 4, 5, 6, 7, 8, 9, 10, 11, 12, 13, 14, 15, 16, 17, 18, 19, 20]
    }
  },
  {
    "model": "classes.subject",
    "pk": 2,
    "fields": {
      "name": "Matemática",
      "classMeta": 1,
      "students": [1, 2, 3, 4, 5, 6, 7, 8, 9, 10, 11, 12, 13, 14, 15, 16, 17, 18, 19, 20]
    }
  },
  {
    "model": "attendance_app.statistics",
    "pk": 1,
    "fields": {
      "student": 1,
      "classMeta": 1,
      "total_classes": 10,
      "attended_classes": 8
    }
  },
  {
    "model": "attendance_app.statistics",
    "pk": 2,
    "fields": {
      "student": 2,
      "classMeta": 1,
      "total_classes": 10,
      "attended_classes": 6
    }
  },
  {
    "model": "attendance_app.attendancerecord",
    "pk": 1,
    "fields": {
      "classMeta": 1,
      "student": 1,
      "attending": true,
      "date": "2023-05-15"
    }
  },
  {
    "model": "attendance_app.attendancerecord",
    "pk": 2,
    "fields": {
      "classMeta": 1,
      "student": 2,
      "attending": false,
      "date": "2023-05-15"
    }
  }
]
